<?xml version="1.0" encoding="UTF-8"?>
<project-private xmlns="http://www.netbeans.org/ns/project-private/1">
    <editor-bookmarks xmlns="http://www.netbeans.org/ns/editor-bookmarks/2" lastBookmarkId="0"/>
    <open-files xmlns="http://www.netbeans.org/ns/projectui-open-files/1">
        <file>file:/D:/Software%20Programming/java/projects/virtual_bci_platform/src/virtual_bci_platform/SceneFrame.java</file>
        <file>file:/D:/Software%20Programming/java/projects/virtual_bci_platform/src/com/user/bci/BciUser.java</file>
        <file>file:/D:/Software%20Programming/java/projects/virtual_bci_platform/src/com/user/sql/SqlConnection.java</file>
        <file>file:/D:/Software%20Programming/java/projects/virtual_bci_platform/src/virtual_bci_platform/ScreeningPanel.java</file>
        <file>file:/D:/Software%20Programming/java/projects/virtual_bci_platform/src/virtual_bci_platform/Control2DPanel.java</file>
        <file>file:/D:/Software%20Programming/java/projects/virtual_bci_platform/src/virtual_bci_platform/ControlFrame.java</file>
        <file>file:/D:/Software%20Programming/java/projects/virtual_bci_platform/src/virtual_bci_platform/Virtual_bci_platform.java</file>
        <file>file:/D:/Software%20Programming/java/projects/virtual_bci_platform/src/virtual_bci_platform/Control1DVerticalPanel.java</file>
        <file>file:/D:/Software%20Programming/java/projects/virtual_bci_platform/src/virtual_bci_platform/Control1DHorizontalPanel.java</file>
    </open-files>
</project-private>
